Iteration,Distance
0,2818.621642239474
1,2818.621642239474
2,2818.621642239474
3,2818.621642239474
4,2818.621642239474
5,2818.621642239474
6,2818.621642239474
7,2818.621642239474
8,2818.621642239474
9,2818.621642239474
10,2818.621642239474
11,2818.621642239474
12,2818.621642239474
13,2818.621642239474
14,2818.621642239474
15,2818.621642239474
16,2818.621642239474
17,2818.621642239474
18,2818.621642239474
19,2818.621642239474
